year,Solar,Volcanic
1750,0.102215039,0.246391008
1751,0.097800073,0.24641247
1752,0.079453784,0.246419681
1753,0.049375854,0.246422103
1754,0.013198096,0.246422921
1755,-0.021216797,-0.116728684
1756,-0.045694116,-0.00449655
1757,-0.053276001,0.156275043
1758,-0.034134082,0.215874996
1759,0.017223047,0.236149688
1760,0.067722144,0.242971751
1761,0.092605078,0.245263888
1762,0.086458447,0.24603386
1763,0.064368018,-0.890820615
1764,0.031029565,-0.539512136
1765,-0.005725415,-0.035952273
1766,-0.035569336,0.150735204
1767,-0.049687866,0.214242681
1768,-0.036505371,-0.313290227
1769,0.019656738,-0.136472271
1770,0.085803223,0.108944764
1771,0.117472412,0.199839903
1772,0.109921729,0.230757125
1773,0.086988867,0.241160054
1774,0.051045117,0.24465531
1775,0.010296387,0.245829436
1776,-0.025428955,0.246223838
1777,-0.04658335,0.246356319
1778,-0.042776807,0.246400822
1779,0.00185647,0.246415767
1780,0.073260352,0.246420787
1781,0.116037158,0.24642247
1782,0.115881152,0.246423033
1783,0.09159104,0.24642323
1784,0.054726855,-2.061152454
1785,0.011201221,-1.349945154
1786,-0.025491357,-0.327106143
1787,-0.044789282,0.052072679
1788,-0.031091968,0.181061671
1789,0.037519409,0.224464113
1790,0.117659619,0.23904683
1791,0.14483584,0.243945479
1792,0.13073291,0.245590991
1793,0.112558228,0.24614373
1794,0.081778271,0.246329406
1795,0.045912524,0.246391779
1796,0.008018701,0.025182313
1797,-0.025850171,0.093560599
1798,-0.050889111,0.191504221
1799,-0.063119971,0.227813019
1800,-0.060592676,0.240164536
1801,-0.042386792,0.2443206
1802,-0.01251167,0.245716985
1803,0.015631787,0.246186063
1804,0.032792432,0.246343628
1805,0.035070117,0.24639656
1806,0.026520996,0.246414339
1807,0.012043652,0.246420305
1808,-0.008003101,0.24642231
1809,-0.029656714,0.246422982
1810,-0.049173047,-3.283193242
1811,-0.062589551,-2.212218578
1812,-0.067285327,-0.636926828
1813,-0.062012329,-0.05291596
1814,-0.04633374,0.145753248
1815,-0.025428955,0.212601768
1816,-0.006458643,-6.455758865
1817,0.005148193,-4.750234104
1818,0.006895459,-1.560522125
1819,-0.000452417,-0.366210158
1820,-0.01385332,0.040375668
1821,-0.031169971,0.17719798
1822,-0.047768994,0.223169242
1823,-0.059188623,-0.015950444
1824,-0.061591113,0.06787124
1825,-0.049968677,0.182334458
1826,-0.020031152,0.224708275
1827,0.013354102,0.239120505
1828,0.037753418,0.243969848
1829,0.045163696,0.245599162
1830,0.036130957,0.246146478
1831,0.016396216,0.246330334
1832,-0.010155981,-3.342833909
1833,-0.035272925,-2.313054017
1834,-0.05084231,-0.673192462
1835,-0.048299414,-0.065206248
1836,-0.014945361,-1.026814193
1837,0.044071655,-0.596315695
1838,0.088002905,-0.055536949
1839,0.099828149,0.14413355
1840,0.086146436,0.212024077
1841,0.063712793,0.234866476
1842,0.030920361,0.242541163
1843,-0.003931348,0.24511926
1844,-0.034258887,0.245985275
1845,-0.052792383,-0.05635035
1846,-0.05404043,0.037274126
1847,-0.041669165,0.171283188
1848,-0.029329102,0.220960817
1849,-0.016957837,0.237860086
1850,-0.004586572,0.243546385
1851,0.007755115,0.245486068
1852,0.002283199,0.245842523
1853,0.001503155,0.238493171
1854,-0.008608617,0.246023229
1855,-0.022483778,0.246649362
1856,-0.031076153,-0.173711446
1857,-0.033493861,-0.038304603
1858,-0.027442585,0.146673648
1859,-0.010582326,0.213704274
1860,0.003677079,0.236016686
1861,0.014255227,0.243378201
1862,0.012137769,0.118307571
1863,-0.000113051,0.094238356
1864,-0.00729009,-0.692119028
1865,-0.014365156,-0.362800983
1866,-0.02002363,0.038346464
1867,-0.022910636,0.178444668
1868,-0.027321755,0.224731875
1869,-0.017514599,0.239871784
1870,0.00030808,0.244816072
1871,0.001711748,0.246430369
1872,0.012501711,0.24695602
1873,0.006781097,0.240915657
1874,-0.002874825,0.133237095
1875,-0.011223703,0.240623896
1876,-0.026864081,0.24716233
1877,-0.034041629,0.219154276
1878,-0.038585891,0.228442966
1879,-0.044414996,0.24064642
1880,-0.043133184,0.242242154
1881,-0.02914475,0.194194887
1882,-0.009765283,0.192941428
1883,-0.0139294,0.243866965
1884,-0.016904667,-0.277218465
1885,0.006303574,-1.847969088
1886,-0.008147652,-0.759684592
1887,-0.024589088,-0.157606255
1888,-0.0347705,-0.003385799
1889,-0.03873455,0.181086627
1890,-0.040153643,0.237916008
1891,-0.036669284,0.073533245
1892,-0.011180534,-0.0756282
1893,0.009687197,-0.037344516
1894,0.026166585,0.15071032
1895,0.045983347,0.215774031
1896,0.027203746,0.23668094
1897,0.001572803,0.24263756
1898,-0.014835431,0.24415687
1899,-0.022544941,0.24440193
1900,-0.031760399,0.244287347
1901,-0.037104946,0.244069602
1902,-0.046172392,0.243847378
1903,-0.044020665,0.007888733
1904,-0.025593424,-0.700558872
1905,0.007650937,-0.24577168
1906,-0.007035736,0.120776828
1907,0.016989508,0.225678559
1908,0.003997426,0.063444686
1909,0.012103199,0.176417571
1910,-0.004713129,0.242036872
1911,-0.017121066,0.241792045
1912,-0.035164704,0.241543095
1913,-0.042070688,-0.340997887
1914,-0.040539982,-0.248960343
1915,-0.026775991,0.052521652
1916,0.012960753,0.214513572
1917,0.044951,0.239832788
1918,0.066088955,0.239961045
1919,0.069872033,0.239685265
1920,0.03721586,0.239403379
1921,0.006247097,0.239117427
1922,-0.012936006,0.238827339
1923,-0.030427682,0.099849309
1924,-0.034474303,0.164137004
1925,-0.026714256,0.237932374
1926,-0.005576675,0.237625798
1927,0.022760144,0.237315155
1928,0.046467863,0.237000355
1929,0.030929014,0.198287335
1930,0.022965815,0.009617596
1931,0.023177128,0.236031321
1932,0.000975443,0.235700087
1933,-0.015562053,0.050137615
1934,-0.022505192,0.196934349
1935,-0.014754991,0.234681665
1936,0.011807207,0.234333979
1937,0.069491105,0.233982163
1938,0.072716596,0.233626238
1939,0.062298183,0.233266189
1940,0.05939626,0.232902032
1941,0.039991591,0.232533757
1942,0.024234164,0.232161381
1943,0.005791151,0.231784857
1944,-0.012855396,0.231404237
1945,-0.00760081,0.231019498
1946,0.027684672,0.230630675
1947,0.044758679,0.230237686
1948,0.090184252,0.229840613
1949,0.105744011,0.229439431
1950,0.090747839,0.229034114
1951,0.057158453,0.228624706
1952,0.012638911,0.22821116
1953,0.010661935,0.227793506
1954,-0.002371802,0.227371754
1955,-0.002214728,0.226945857
1956,0.025055738,0.226515855
1957,0.085120676,0.22608176
1958,0.140971596,0.225643517
1959,0.148348622,0.225201183
1960,0.116747134,0.22475473
1961,0.095109484,0.224304176
1962,0.047058505,0.212716053
1963,0.013677183,0.022043766
1964,0.002084495,-0.866306042
1965,-0.003225144,-0.618902914
1966,-0.000255593,-0.298486612
1967,0.025326675,0.155161022
1968,0.057061643,-0.105414249
1969,0.073798401,0.011417295
1970,0.076757746,0.097829001
1971,0.078687518,0.09369097
1972,0.050055185,-0.043463734
1973,0.048265187,0.072032361
1974,0.019473292,0.202489417
1975,0.005395537,0.070650438
1976,0.005675237,-0.176655696
1977,0.001041957,0.083381045
1978,0.03112505,0.168028365
1979,0.077248973,0.193015016
1980,0.115961036,0.177572517
1981,0.108322711,0.13238146
1982,0.11087221,0.100339081
1983,0.067596484,-0.245338392
1984,0.065785705,-0.706958684
1985,0.014804317,-0.24331905
1986,-0.002380265,0.020547461
1987,-0.000259183,0.018967176
1988,0.010584463,0.096925853
1989,0.055609312,0.15093587
1990,0.117371927,0.18801116
1991,0.105951871,0.183691019
1992,0.104195202,-0.528611176
1993,0.083534446,-1.741204478
1994,0.034701259,-0.747536443
1995,0.005129601,-0.040998913
1996,-0.000487593,0.132348997
1997,-0.012655272,0.195174714
1998,0.003701228,0.215744422
1999,0.05061655,0.217402831
2000,0.085073072,0.220889653
2001,0.110136855,0.221536499
2002,0.099598671,0.216276086
2003,0.104868677,0.22305988
2004,0.043571881,0.206704845
2005,0.016789555,0.21761975
2006,-0.009682365,0.191796861
2007,-0.015652004,0.176217444
2008,-0.0271628,0.163979474
2009,-0.029668862,0.179978803
2010,-0.029721937,0.151981081
2011,-0.007547777,0.185450929
2012,0.026778812,0.146092467
2013,0.041142496,0.183259497
2014,0.049433641,0.206062498
2015,0.059315907,0.188503835
2016,0.02942091,0.156560245
2017,-0.007377415,0.176841346
2018,-0.01725677,0.202710817
2019,-0.021257743,0.182834024
2020,-0.021963061,0.127848141
2021,-0.016758823,0.085618687
2022,0.019767054,0.14483103
2023,0.059602872,0.040381023
2024,0.082191409,0.040381023
2025,0.091047066,0.035894243
2026,0.069002075,0.031407462
2027,0.044016904,0.026920682
2028,0.018579272,0.022433902
2029,0.008369927,0.017947121
2030,-0.00860819,0.013460341
2031,-0.017686748,0.008973561
2032,-0.026619857,0.00448678
2033,-0.024629105,0.0
2034,-0.002803447,0.0
2035,0.035476502,0.0
2036,0.040040464,0.0
2037,0.057107053,0.0
2038,0.039972206,0.0
2039,0.039285737,0.0
2040,0.014745503,0.0
2041,-0.008383653,0.0
2042,-0.028618399,0.0
2043,-0.034189988,0.0
2044,-0.031521988,0.0
2045,-0.019106882,0.0
2046,0.017031181,0.0
2047,0.041573852,0.0
2048,0.069042295,0.0
2049,0.071676679,0.0
2050,0.049390857,0.0
2051,0.014869196,0.0
2052,-0.002150445,0.0
2053,-0.017823158,0.0
2054,-0.029059917,0.0
2055,-0.024753386,0.0
2056,-0.003838513,0.0
2057,0.022051982,0.0
2058,0.02282058,0.0
2059,0.027108732,0.0
2060,0.030335745,0.0
2061,0.008811901,0.0
2062,-0.009428139,0.0
2063,-0.024429834,0.0
2064,-0.029734503,0.0
2065,-0.031695702,0.0
2066,-0.025265085,0.0
2067,0.003310615,0.0
2068,0.0288445,0.0
2069,0.042992316,0.0
2070,0.037252874,0.0
2071,0.021467646,0.0
2072,-0.001045239,0.0
2073,-0.01193935,0.0
2074,-0.020053634,0.0
2075,-0.031883922,0.0
2076,-0.036702024,0.0
2077,-0.041539118,0.0
2078,-0.035179492,0.0
2079,-0.017277969,0.0
2080,0.002084025,0.0
2081,0.015693976,0.0
2082,0.017454748,0.0
2083,0.01637087,0.0
2084,0.001955416,0.0
2085,-0.004721735,0.0
2086,-0.02636841,0.0
2087,-0.038316834,0.0
2088,-0.039288131,0.0
2089,-0.037597156,0.0
2090,-0.020906965,0.0
2091,0.006823825,0.0
2092,0.027237469,0.0
2093,0.053755399,0.0
2094,0.042793689,0.0
2095,0.02052708,0.0
2096,0.002851317,0.0
2097,-0.017811351,0.0
2098,-0.024866351,0.0
2099,-0.03142223,0.0
2100,-0.02191596,0.0
2101,-1.13e-05,0.0
2102,0.025832049,0.0
2103,0.024405984,0.0
2104,0.023381047,0.0
2105,0.01221837,0.0
2106,-0.009012052,0.0
2107,-0.02110973,0.0
2108,-0.031044568,0.0
2109,-0.032095861,0.0
2110,-0.025678393,0.0
2111,-0.004989367,0.0
2112,0.038244516,0.0
2113,0.040193119,0.0
2114,0.042692051,0.0
2115,0.017840445,0.0
2116,0.01051518,0.0
2117,-0.010652728,0.0
2118,-0.021735933,0.0
2119,-0.028862794,0.0
2120,-0.028620108,0.0
2121,-0.008846086,0.0
2122,0.021894332,0.0
2123,0.054616284,0.0
2124,0.035779196,0.0
2125,0.040181014,0.0
2126,0.013387012,0.0
2127,-0.010089775,0.0
2128,-0.021973532,0.0
2129,-0.031703417,0.0
2130,-0.029167112,0.0
2131,-0.009275125,0.0
2132,0.042249037,0.0
2133,0.050363167,0.0
2134,0.060059734,0.0
2135,0.043163017,0.0
2136,0.017621054,0.0
2137,-0.012883271,0.0
2138,-0.022255625,0.0
2139,-0.03143377,0.0
2140,-0.035872158,0.0
2141,-0.032551987,0.0
2142,-0.01198608,0.0
2143,0.009401255,0.0
2144,0.012307067,0.0
2145,0.017040997,0.0
2146,0.013468862,0.0
2147,-0.004979408,0.0
2148,-0.00707181,0.0
2149,-0.019517782,0.0
2150,-0.026239288,0.0
2151,-0.02937351,0.0
2152,-0.028903483,0.0
2153,-0.010720757,0.0
2154,0.024264339,0.0
2155,0.050931596,0.0
2156,0.049896487,0.0
2157,0.0449458,0.0
2158,0.028436962,0.0
2159,0.004575331,0.0
2160,-0.015034733,0.0
2161,-0.025676007,0.0
2162,-0.024493518,0.0
2163,-0.006554725,0.0
2164,0.029555716,0.0
2165,0.064588088,0.0
2166,0.053522789,0.0
2167,0.058886827,0.0
2168,0.025098992,0.0
2169,0.001003041,0.0
2170,-0.016216147,0.0
2171,-0.025981301,0.0
2172,-0.028548602,0.0
2173,-0.018276641,0.0
2174,0.012846805,0.0
2175,0.031059185,0.0
2176,0.047194294,0.0
2177,0.047909101,0.0
2178,0.031652948,0.0
2179,0.008354776,0.0
2180,-0.005712764,0.0
2181,-0.021274553,0.0
2182,-0.03062395,0.0
2183,-0.038841185,0.0
2184,-0.042138422,0.0
2185,-0.038375012,0.0
2186,-0.024300926,0.0
2187,0.008691706,0.0
2188,0.014032065,0.0
2189,0.023601129,0.0
2190,0.0304897,0.0
2191,0.00779542,0.0
2192,-0.012033779,0.0
2193,-0.024986555,0.0
2194,-0.02939971,0.0
2195,-0.031333243,0.0
2196,-0.022916962,0.0
2197,0.006762257,0.0
2198,0.037833472,0.0
2199,0.055449996,0.0
2200,0.04793825,0.0
2201,0.03336944,0.0
2202,0.007916891,0.0
2203,-0.002468739,0.0
2204,-0.010816634,0.0
2205,-0.024639634,0.0
2206,-0.029705439,0.0
2207,-0.035764664,0.0
2208,-0.029676033,0.0
2209,-0.01134819,0.0
2210,0.009031628,0.0
2211,0.024407095,0.0
2212,0.024530404,0.0
2213,0.022569018,0.0
2214,0.007096899,0.0
2215,-0.001522532,0.0
2216,-0.02455498,0.0
2217,-0.037682917,0.0
2218,-0.038829858,0.0
2219,-0.036459809,0.0
2220,-0.018628596,0.0
2221,0.008980055,0.0
2222,0.029651072,0.0
2223,0.059582912,0.0
2224,0.046736364,0.0
2225,0.024320546,0.0
2226,0.005015909,0.0
2227,-0.01864535,0.0
2228,-0.024683845,0.0
2229,-0.034489102,0.0
2230,-0.023998232,0.0
2231,0.001112087,0.0
2232,0.017794456,0.0
2233,0.021789671,0.0
2234,0.031379489,0.0
2235,0.019426961,0.0
2236,0.008867245,0.0
2237,-0.014601253,0.0
2238,-0.023939206,0.0
2239,-0.029915342,0.0
2240,-0.028525479,0.0
2241,-0.015892777,0.0
2242,0.014871248,0.0
2243,0.042376876,0.0
2244,0.04600288,0.0
2245,0.042287434,0.0
2246,0.021751234,0.0
2247,0.00062475,0.0
2248,-0.008336953,0.0
2249,-0.022554995,0.0
2250,-0.031277893,0.0
2251,-0.037859246,0.0
2252,-0.038712619,0.0
2253,-0.028822466,0.0
2254,-0.008104184,0.0
2255,0.015566307,0.0
2256,0.019405206,0.0
2257,0.025388675,0.0
2258,0.02108947,0.0
2259,0.005568768,0.0
2260,-0.005377372,0.0
2261,-0.026586808,0.0
2262,-0.036891795,0.0
2263,-0.036198061,0.0
2264,-0.032098441,0.0
2265,-0.010923863,0.0
2266,0.018897994,0.0
2267,0.041574408,0.0
2268,0.062883056,0.0
2269,0.039812226,0.0
2270,0.022075812,0.0
2271,-0.001619469,0.0
2272,-0.01589315,0.0
2273,-0.029496403,0.0
2274,-0.029680564,0.0
2275,-0.013445611,0.0
2276,0.010097597,0.0
2277,0.027166588,0.0
2278,0.026767827,0.0
2279,0.023124513,0.0
2280,0.010308867,0.0
2281,-0.012701989,0.0
2282,-0.024740649,0.0
2283,-0.029376715,0.0
2284,-0.031745098,0.0
2285,-0.02022292,0.0
2286,0.00812735,0.0
2287,0.038025766,0.0
2288,0.047909699,0.0
2289,0.047029714,0.0
2290,0.013135693,0.0
2291,0.005283384,0.0
2292,-0.012887452,0.0
2293,-0.028234972,0.0
2294,-0.03684619,0.0
2295,-0.030213762,0.0
2296,-0.004042347,0.0
2297,0.019260245,0.0
2298,0.04429344,0.0
2299,0.044941441,0.0
2300,0.025858548,0.0
2301,0.0,0.0
2302,0.0,0.0
2303,0.0,0.0
2304,0.0,0.0
2305,0.0,0.0
2306,0.0,0.0
2307,0.0,0.0
2308,0.0,0.0
2309,0.0,0.0
2310,0.0,0.0
2311,0.0,0.0
2312,0.0,0.0
2313,0.0,0.0
2314,0.0,0.0
2315,0.0,0.0
2316,0.0,0.0
2317,0.0,0.0
2318,0.0,0.0
2319,0.0,0.0
2320,0.0,0.0
2321,0.0,0.0
2322,0.0,0.0
2323,0.0,0.0
2324,0.0,0.0
2325,0.0,0.0
2326,0.0,0.0
2327,0.0,0.0
2328,0.0,0.0
2329,0.0,0.0
2330,0.0,0.0
2331,0.0,0.0
2332,0.0,0.0
2333,0.0,0.0
2334,0.0,0.0
2335,0.0,0.0
2336,0.0,0.0
2337,0.0,0.0
2338,0.0,0.0
2339,0.0,0.0
2340,0.0,0.0
2341,0.0,0.0
2342,0.0,0.0
2343,0.0,0.0
2344,0.0,0.0
2345,0.0,0.0
2346,0.0,0.0
2347,0.0,0.0
2348,0.0,0.0
2349,0.0,0.0
2350,0.0,0.0
2351,0.0,0.0
2352,0.0,0.0
2353,0.0,0.0
2354,0.0,0.0
2355,0.0,0.0
2356,0.0,0.0
2357,0.0,0.0
2358,0.0,0.0
2359,0.0,0.0
2360,0.0,0.0
2361,0.0,0.0
2362,0.0,0.0
2363,0.0,0.0
2364,0.0,0.0
2365,0.0,0.0
2366,0.0,0.0
2367,0.0,0.0
2368,0.0,0.0
2369,0.0,0.0
2370,0.0,0.0
2371,0.0,0.0
2372,0.0,0.0
2373,0.0,0.0
2374,0.0,0.0
2375,0.0,0.0
2376,0.0,0.0
2377,0.0,0.0
2378,0.0,0.0
2379,0.0,0.0
2380,0.0,0.0
2381,0.0,0.0
2382,0.0,0.0
2383,0.0,0.0
2384,0.0,0.0
2385,0.0,0.0
2386,0.0,0.0
2387,0.0,0.0
2388,0.0,0.0
2389,0.0,0.0
2390,0.0,0.0
2391,0.0,0.0
2392,0.0,0.0
2393,0.0,0.0
2394,0.0,0.0
2395,0.0,0.0
2396,0.0,0.0
2397,0.0,0.0
2398,0.0,0.0
2399,0.0,0.0
2400,0.0,0.0
2401,0.0,0.0
2402,0.0,0.0
2403,0.0,0.0
2404,0.0,0.0
2405,0.0,0.0
2406,0.0,0.0
2407,0.0,0.0
2408,0.0,0.0
2409,0.0,0.0
2410,0.0,0.0
2411,0.0,0.0
2412,0.0,0.0
2413,0.0,0.0
2414,0.0,0.0
2415,0.0,0.0
2416,0.0,0.0
2417,0.0,0.0
2418,0.0,0.0
2419,0.0,0.0
2420,0.0,0.0
2421,0.0,0.0
2422,0.0,0.0
2423,0.0,0.0
2424,0.0,0.0
2425,0.0,0.0
2426,0.0,0.0
2427,0.0,0.0
2428,0.0,0.0
2429,0.0,0.0
2430,0.0,0.0
2431,0.0,0.0
2432,0.0,0.0
2433,0.0,0.0
2434,0.0,0.0
2435,0.0,0.0
2436,0.0,0.0
2437,0.0,0.0
2438,0.0,0.0
2439,0.0,0.0
2440,0.0,0.0
2441,0.0,0.0
2442,0.0,0.0
2443,0.0,0.0
2444,0.0,0.0
2445,0.0,0.0
2446,0.0,0.0
2447,0.0,0.0
2448,0.0,0.0
2449,0.0,0.0
2450,0.0,0.0
2451,0.0,0.0
2452,0.0,0.0
2453,0.0,0.0
2454,0.0,0.0
2455,0.0,0.0
2456,0.0,0.0
2457,0.0,0.0
2458,0.0,0.0
2459,0.0,0.0
2460,0.0,0.0
2461,0.0,0.0
2462,0.0,0.0
2463,0.0,0.0
2464,0.0,0.0
2465,0.0,0.0
2466,0.0,0.0
2467,0.0,0.0
2468,0.0,0.0
2469,0.0,0.0
2470,0.0,0.0
2471,0.0,0.0
2472,0.0,0.0
2473,0.0,0.0
2474,0.0,0.0
2475,0.0,0.0
2476,0.0,0.0
2477,0.0,0.0
2478,0.0,0.0
2479,0.0,0.0
2480,0.0,0.0
2481,0.0,0.0
2482,0.0,0.0
2483,0.0,0.0
2484,0.0,0.0
2485,0.0,0.0
2486,0.0,0.0
2487,0.0,0.0
2488,0.0,0.0
2489,0.0,0.0
2490,0.0,0.0
2491,0.0,0.0
2492,0.0,0.0
2493,0.0,0.0
2494,0.0,0.0
2495,0.0,0.0
2496,0.0,0.0
2497,0.0,0.0
2498,0.0,0.0
2499,0.0,0.0
2500,0.0,0.0
